-- =============================================================================
-- Seed Data (开发/测试用)
-- 仅在开发环境执行，不在生产环境执行
-- =============================================================================

-- 测试 teacher (id 与 Supabase auth.users 对应；实际需通过 auth.signUp 创建后取 id)
INSERT INTO users (id, name, phone) VALUES
  ('00000000-0000-0000-0000-000000000001', '测试老师', '13800138000')
ON CONFLICT (id) DO NOTHING;

-- 3 个课程
INSERT INTO courses (id, teacher_id, name, description) VALUES
  ('aaaaaaaa-0000-0000-0000-000000000001', '00000000-0000-0000-0000-000000000001', '钢琴', '一对一钢琴教学'),
  ('aaaaaaaa-0000-0000-0000-000000000002', '00000000-0000-0000-0000-000000000001', '小提琴', '小提琴入门到高级'),
  ('aaaaaaaa-0000-0000-0000-000000000003', '00000000-0000-0000-0000-000000000001', '乐理', '音乐理论基础')
ON CONFLICT (teacher_id, name) DO NOTHING;

-- 每个课程的考级（price_cents 是单节课学费）
INSERT INTO exam_levels (id, course_id, level_number, level_name, price_cents) VALUES
  ('bbbbbbbb-0000-0000-0000-000000000001', 'aaaaaaaa-0000-0000-0000-000000000001', 1, '初级', 20000),
  ('bbbbbbbb-0000-0000-0000-000000000002', 'aaaaaaaa-0000-0000-0000-000000000001', 2, '中级', 25000),
  ('bbbbbbbb-0000-0000-0000-000000000003', 'aaaaaaaa-0000-0000-0000-000000000001', 3, '高级', 30000),
  ('bbbbbbbb-0000-0000-0000-000000000004', 'aaaaaaaa-0000-0000-0000-000000000002', 1, '入门', 18000),
  ('bbbbbbbb-0000-0000-0000-000000000005', 'aaaaaaaa-0000-0000-0000-000000000002', 2, '进阶', 22000),
  ('bbbbbbbb-0000-0000-0000-000000000006', 'aaaaaaaa-0000-0000-0000-000000000003', 1, '基础', 15000)
ON CONFLICT (course_id, level_number) DO NOTHING;

-- 4 个测试学生
INSERT INTO students (id, teacher_id, name, parent_name, parent_phone, parent_wechat, status) VALUES
  ('11111111-1111-1111-1111-111111111111', '00000000-0000-0000-0000-000000000001', '小王', '王爸', '13900139001', 'wang_papa', 'active'),
  ('22222222-2222-2222-2222-222222222222', '00000000-0000-0000-0000-000000000001', '小张', '张妈', '13900139002', 'zhang_mama', 'active'),
  ('33333333-3333-3333-3333-333333333333', '00000000-0000-0000-0000-000000000001', '小李', '李爸', '13900139003', 'li_papa', 'active'),
  ('44444444-4444-4444-4444-444444444444', '00000000-0000-0000-0000-000000000001', '小赵', '赵妈', '13900139004', 'zhao_mama', 'active')
ON CONFLICT (id) DO NOTHING;

-- 5 个报名（小王同时学钢琴 3 级 + 乐理 1 级）
INSERT INTO enrollments (id, teacher_id, student_id, course_id, exam_level_id, classes_remaining, price_paid_cents, status) VALUES
  ('cccccccc-0000-0000-0000-000000000001', '00000000-0000-0000-0000-000000000001', '11111111-1111-1111-1111-111111111111', 'aaaaaaaa-0000-0000-0000-000000000001', 'bbbbbbbb-0000-0000-0000-000000000003', 2, 300000, 'active'),
  ('cccccccc-0000-0000-0000-000000000002', '00000000-0000-0000-0000-000000000001', '11111111-1111-1111-1111-111111111111', 'aaaaaaaa-0000-0000-0000-000000000003', 'bbbbbbbb-0000-0000-0000-000000000006', 11, 165000, 'active'),
  ('cccccccc-0000-0000-0000-000000000003', '00000000-0000-0000-0000-000000000001', '22222222-2222-2222-2222-222222222222', 'aaaaaaaa-0000-0000-0000-000000000001', 'bbbbbbbb-0000-0000-0000-000000000002', 7, 250000, 'active'),
  ('cccccccc-0000-0000-0000-000000000004', '00000000-0000-0000-0000-000000000001', '33333333-3333-3333-3333-333333333333', 'aaaaaaaa-0000-0000-0000-000000000003', 'bbbbbbbb-0000-0000-0000-000000000006', 11, 150000, 'active'),
  ('cccccccc-0000-0000-0000-000000000005', '00000000-0000-0000-0000-000000000001', '44444444-4444-4444-4444-444444444444', 'aaaaaaaa-0000-0000-0000-000000000002', 'bbbbbbbb-0000-0000-0000-000000000004', 0, 180000, 'active')
ON CONFLICT (student_id, course_id, exam_level_id) DO NOTHING;

-- 5 个课位
INSERT INTO class_slots (student_id, enrollment_id, teacher_id, weekday, start_time, end_time, location, active) VALUES
  ('11111111-1111-1111-1111-111111111111', 'cccccccc-0000-0000-0000-000000000001', '00000000-0000-0000-0000-000000000001', 6, '09:00', '10:00', '教室 A', TRUE),
  ('22222222-2222-2222-2222-222222222222', 'cccccccc-0000-0000-0000-000000000003', '00000000-0000-0000-0000-000000000001', 6, '10:30', '11:30', '教室 A', TRUE),
  ('33333333-3333-3333-3333-333333333333', 'cccccccc-0000-0000-0000-000000000004', '00000000-0000-0000-0000-000000000001', 0, '14:00', '15:00', '教室 B', TRUE),
  ('44444444-4444-4444-4444-444444444444', 'cccccccc-0000-0000-0000-000000000005', '00000000-0000-0000-0000-000000000001', 6, '14:00', '15:00', '教室 A', TRUE),
  ('11111111-1111-1111-1111-111111111111', 'cccccccc-0000-0000-0000-000000000002', '00000000-0000-0000-0000-000000000001', 0, '16:00', '17:00', '教室 B', TRUE)
ON CONFLICT DO NOTHING;

-- 节假日由 scripts/sync-holidays.mjs 从 timor.tech 同步（年更）
-- 测试时如需手动验证 holiday 跳过逻辑，可临时插入一行：
-- INSERT INTO holidays (date, name, type) VALUES ('2026-12-31', '测试', 'holiday') ON CONFLICT DO NOTHING;